label,seed_tokens,full_ids,full_named,slice_name,slice_hex,slice_ints,best_encoding,best_text,notes
bare_{,"[260, 261]","[110, 100, 111, 115, 105, 32, 101, 32, 100, 101, 32, 99, 111, 109, 111, 100, 97, 115, 32, 100, 101, 32, 99, 111, 109, 111, 100, 97, 115, 32, 100, 101, 32, 99, 111, 109, 111, 100, 97, 115, 32, 100, 101, 32, 99, 111, 109, 111, 100, 97, 115, 32, 100, 101, 32, 99, 111, 109, 111, 100, 97, 115, 32, 100, 101, 32, 99, 111, 109, 111, 100, 97, 115, 32, 100, 101, 32, 99, 111, 109, 111, 100, 97, 115, 32, 100, 101, 32, 99, 111, 109, 111, 100, 97, 115, 32, 100, 101, 32, 99, 111, 109, 111, 100, 97, 115, 32, 100, 101, 32, 99, 111, 109, 111, 100, 97, 115, 32, 100, 101]","[""'n'"", ""'d'"", ""'o'"", ""'s'"", ""'i'"", ""' '"", ""'e'"", ""' '"", ""'d'"", ""'e'"", ""' '"", ""'c'"", ""'o'"", ""'m'"", ""'o'"", ""'d'"", ""'a'"", ""'s'"", ""' '"", ""'d'"", ""'e'"", ""' '"", ""'c'"", ""'o'"", ""'m'"", ""'o'"", ""'d'"", ""'a'"", ""'s'"", ""' '"", ""'d'"", ""'e'"", ""' '"", ""'c'"", ""'o'"", ""'m'"", ""'o'"", ""'d'"", ""'a'"", ""'s'"", ""' '"", ""'d'"", ""'e'"", ""' '"", ""'c'"", ""'o'"", ""'m'"", ""'o'"", ""'d'"", ""'a'"", ""'s'"", ""' '"", ""'d'"", ""'e'"", ""' '"", ""'c'"", ""'o'"", ""'m'"", ""'o'"", ""'d'"", ""'a'"", ""'s'"", ""' '"", ""'d'"", ""'e'"", ""' '"", ""'c'"", ""'o'"", ""'m'"", ""'o'"", ""'d'"", ""'a'"", ""'s'"", ""' '"", ""'d'"", ""'e'"", ""' '"", ""'c'"", ""'o'"", ""'m'"", ""'o'"", ""'d'"", ""'a'"", ""'s'"", ""' '"", ""'d'"", ""'e'"", ""' '"", ""'c'"", ""'o'"", ""'m'"", ""'o'"", ""'d'"", ""'a'"", ""'s'"", ""' '"", ""'d'"", ""'e'"", ""' '"", ""'c'"", ""'o'"", ""'m'"", ""'o'"", ""'d'"", ""'a'"", ""'s'"", ""' '"", ""'d'"", ""'e'"", ""' '"", ""'c'"", ""'o'"", ""'m'"", ""'o'"", ""'d'"", ""'a'"", ""'s'"", ""' '"", ""'d'"", ""'e'""]",up_to_first_close,6e646f7369206520646520636f6d6f64617320646520636f6d6f64617320646520636f6d6f64617320646520636f6d6f64617320646520636f6d6f64617320646520636f6d6f64617320646520636f6d6f64617320646520636f6d6f64617320646520636f6d6f64617320646520636f6d6f646173206465,"[110, 100, 111, 115, 105, 32, 101, 32, 100, 101, 32, 99, 111, 109, 111, 100, 97, 115, 32, 100, 101, 32, 99, 111, 109, 111, 100, 97, 115, 32, 100, 101, 32, 99, 111, 109, 111, 100, 97, 115, 32, 100, 101, 32, 99, 111, 109, 111, 100, 97, 115, 32, 100, 101, 32, 99, 111, 109, 111, 100, 97, 115, 32, 100, 101, 32, 99, 111, 109, 111, 100, 97, 115, 32, 100, 101, 32, 99, 111, 109, 111, 100, 97, 115, 32, 100, 101, 32, 99, 111, 109, 111, 100, 97, 115, 32, 100, 101, 32, 99, 111, 109, 111, 100, 97, 115, 32, 100, 101, 32, 99, 111, 109, 111, 100, 97, 115, 32, 100, 101]",utf-8,ndosi e de comodas de comodas de comodas de comodas de comodas de comodas de comodas de comodas de comodas de comodas de,✅ PRINTABLE — check this
bare_{,"[260, 261]","[110, 100, 111, 115, 105, 32, 101, 32, 100, 101, 32, 99, 111, 109, 111, 100, 97, 115, 32, 100, 101, 32, 99, 111, 109, 111, 100, 97, 115, 32, 100, 101, 32, 99, 111, 109, 111, 100, 97, 115, 32, 100, 101, 32, 99, 111, 109, 111, 100, 97, 115, 32, 100, 101, 32, 99, 111, 109, 111, 100, 97, 115, 32, 100, 101, 32, 99, 111, 109, 111, 100, 97, 115, 32, 100, 101, 32, 99, 111, 109, 111, 100, 97, 115, 32, 100, 101, 32, 99, 111, 109, 111, 100, 97, 115, 32, 100, 101, 32, 99, 111, 109, 111, 100, 97, 115, 32, 100, 101, 32, 99, 111, 109, 111, 100, 97, 115, 32, 100, 101]","[""'n'"", ""'d'"", ""'o'"", ""'s'"", ""'i'"", ""' '"", ""'e'"", ""' '"", ""'d'"", ""'e'"", ""' '"", ""'c'"", ""'o'"", ""'m'"", ""'o'"", ""'d'"", ""'a'"", ""'s'"", ""' '"", ""'d'"", ""'e'"", ""' '"", ""'c'"", ""'o'"", ""'m'"", ""'o'"", ""'d'"", ""'a'"", ""'s'"", ""' '"", ""'d'"", ""'e'"", ""' '"", ""'c'"", ""'o'"", ""'m'"", ""'o'"", ""'d'"", ""'a'"", ""'s'"", ""' '"", ""'d'"", ""'e'"", ""' '"", ""'c'"", ""'o'"", ""'m'"", ""'o'"", ""'d'"", ""'a'"", ""'s'"", ""' '"", ""'d'"", ""'e'"", ""' '"", ""'c'"", ""'o'"", ""'m'"", ""'o'"", ""'d'"", ""'a'"", ""'s'"", ""' '"", ""'d'"", ""'e'"", ""' '"", ""'c'"", ""'o'"", ""'m'"", ""'o'"", ""'d'"", ""'a'"", ""'s'"", ""' '"", ""'d'"", ""'e'"", ""' '"", ""'c'"", ""'o'"", ""'m'"", ""'o'"", ""'d'"", ""'a'"", ""'s'"", ""' '"", ""'d'"", ""'e'"", ""' '"", ""'c'"", ""'o'"", ""'m'"", ""'o'"", ""'d'"", ""'a'"", ""'s'"", ""' '"", ""'d'"", ""'e'"", ""' '"", ""'c'"", ""'o'"", ""'m'"", ""'o'"", ""'d'"", ""'a'"", ""'s'"", ""' '"", ""'d'"", ""'e'"", ""' '"", ""'c'"", ""'o'"", ""'m'"", ""'o'"", ""'d'"", ""'a'"", ""'s'"", ""' '"", ""'d'"", ""'e'""]",first_N_raw,6e646f7369206520646520636f6d6f64617320646520636f6d6f646173206465,"[110, 100, 111, 115, 105, 32, 101, 32, 100, 101, 32, 99, 111, 109, 111, 100, 97, 115, 32, 100, 101, 32, 99, 111, 109, 111, 100, 97, 115, 32, 100, 101]",utf-8,ndosi e de comodas de comodas de,✅ PRINTABLE — check this
bare_{_only,[260],"[32, 101, 32, 97, 32, 109, 105, 110, 104, 97, 32, 97, 108, 109, 97, 32, 115, 101, 32, 101, 110, 99, 111, 110, 116, 114, 97, 32, 110, 97, 32, 109, 105, 110, 104, 97, 32, 97, 108, 109, 97, 32, 101, 32, 110, 97, 32, 109, 105, 110, 104, 97, 32, 97, 108, 109, 97, 32, 101, 115, 116, 195, 161, 32, 97, 32, 115, 101, 114, 32, 97, 32, 109, 105, 110, 104, 97, 32, 97, 108, 109, 97, 32, 101, 32, 97, 32, 109, 105, 110, 104, 97, 32, 97, 108, 109, 97, 32, 115, 101, 32, 101, 110, 99, 111, 110, 116, 114, 97, 32, 110, 97, 32, 109, 105, 110, 104, 97, 32, 97]","[""' '"", ""'e'"", ""' '"", ""'a'"", ""' '"", ""'m'"", ""'i'"", ""'n'"", ""'h'"", ""'a'"", ""' '"", ""'a'"", ""'l'"", ""'m'"", ""'a'"", ""' '"", ""'s'"", ""'e'"", ""' '"", ""'e'"", ""'n'"", ""'c'"", ""'o'"", ""'n'"", ""'t'"", ""'r'"", ""'a'"", ""' '"", ""'n'"", ""'a'"", ""' '"", ""'m'"", ""'i'"", ""'n'"", ""'h'"", ""'a'"", ""' '"", ""'a'"", ""'l'"", ""'m'"", ""'a'"", ""' '"", ""'e'"", ""' '"", ""'n'"", ""'a'"", ""' '"", ""'m'"", ""'i'"", ""'n'"", ""'h'"", ""'a'"", ""' '"", ""'a'"", ""'l'"", ""'m'"", ""'a'"", ""' '"", ""'e'"", ""'s'"", ""'t'"", '0xc3', '0xa1', ""' '"", ""'a'"", ""' '"", ""'s'"", ""'e'"", ""'r'"", ""' '"", ""'a'"", ""' '"", ""'m'"", ""'i'"", ""'n'"", ""'h'"", ""'a'"", ""' '"", ""'a'"", ""'l'"", ""'m'"", ""'a'"", ""' '"", ""'e'"", ""' '"", ""'a'"", ""' '"", ""'m'"", ""'i'"", ""'n'"", ""'h'"", ""'a'"", ""' '"", ""'a'"", ""'l'"", ""'m'"", ""'a'"", ""' '"", ""'s'"", ""'e'"", ""' '"", ""'e'"", ""'n'"", ""'c'"", ""'o'"", ""'n'"", ""'t'"", ""'r'"", ""'a'"", ""' '"", ""'n'"", ""'a'"", ""' '"", ""'m'"", ""'i'"", ""'n'"", ""'h'"", ""'a'"", ""' '"", ""'a'""]",up_to_first_close,20652061206d696e686120616c6d6120736520656e636f6e747261206e61206d696e686120616c6d612065206e61206d696e686120616c6d6120657374c3a12061207365722061206d696e686120616c6d6120652061206d696e686120616c6d6120736520656e636f6e747261206e61206d696e68612061,"[32, 101, 32, 97, 32, 109, 105, 110, 104, 97, 32, 97, 108, 109, 97, 32, 115, 101, 32, 101, 110, 99, 111, 110, 116, 114, 97, 32, 110, 97, 32, 109, 105, 110, 104, 97, 32, 97, 108, 109, 97, 32, 101, 32, 110, 97, 32, 109, 105, 110, 104, 97, 32, 97, 108, 109, 97, 32, 101, 115, 116, 195, 161, 32, 97, 32, 115, 101, 114, 32, 97, 32, 109, 105, 110, 104, 97, 32, 97, 108, 109, 97, 32, 101, 32, 97, 32, 109, 105, 110, 104, 97, 32, 97, 108, 109, 97, 32, 115, 101, 32, 101, 110, 99, 111, 110, 116, 114, 97, 32, 110, 97, 32, 109, 105, 110, 104, 97, 32, 97]",hex,20652061206d696e686120616c6d6120736520656e636f6e747261206e61206d696e686120616c6d612065206e61206d696e686120616c6d6120657374c3a12061207365722061206d696e686120616c6d6120652061206d696e686120616c6d6120736520656e636f6e747261206e61206d696e68612061,
bare_{_only,[260],"[32, 101, 32, 97, 32, 109, 105, 110, 104, 97, 32, 97, 108, 109, 97, 32, 115, 101, 32, 101, 110, 99, 111, 110, 116, 114, 97, 32, 110, 97, 32, 109, 105, 110, 104, 97, 32, 97, 108, 109, 97, 32, 101, 32, 110, 97, 32, 109, 105, 110, 104, 97, 32, 97, 108, 109, 97, 32, 101, 115, 116, 195, 161, 32, 97, 32, 115, 101, 114, 32, 97, 32, 109, 105, 110, 104, 97, 32, 97, 108, 109, 97, 32, 101, 32, 97, 32, 109, 105, 110, 104, 97, 32, 97, 108, 109, 97, 32, 115, 101, 32, 101, 110, 99, 111, 110, 116, 114, 97, 32, 110, 97, 32, 109, 105, 110, 104, 97, 32, 97]","[""' '"", ""'e'"", ""' '"", ""'a'"", ""' '"", ""'m'"", ""'i'"", ""'n'"", ""'h'"", ""'a'"", ""' '"", ""'a'"", ""'l'"", ""'m'"", ""'a'"", ""' '"", ""'s'"", ""'e'"", ""' '"", ""'e'"", ""'n'"", ""'c'"", ""'o'"", ""'n'"", ""'t'"", ""'r'"", ""'a'"", ""' '"", ""'n'"", ""'a'"", ""' '"", ""'m'"", ""'i'"", ""'n'"", ""'h'"", ""'a'"", ""' '"", ""'a'"", ""'l'"", ""'m'"", ""'a'"", ""' '"", ""'e'"", ""' '"", ""'n'"", ""'a'"", ""' '"", ""'m'"", ""'i'"", ""'n'"", ""'h'"", ""'a'"", ""' '"", ""'a'"", ""'l'"", ""'m'"", ""'a'"", ""' '"", ""'e'"", ""'s'"", ""'t'"", '0xc3', '0xa1', ""' '"", ""'a'"", ""' '"", ""'s'"", ""'e'"", ""'r'"", ""' '"", ""'a'"", ""' '"", ""'m'"", ""'i'"", ""'n'"", ""'h'"", ""'a'"", ""' '"", ""'a'"", ""'l'"", ""'m'"", ""'a'"", ""' '"", ""'e'"", ""' '"", ""'a'"", ""' '"", ""'m'"", ""'i'"", ""'n'"", ""'h'"", ""'a'"", ""' '"", ""'a'"", ""'l'"", ""'m'"", ""'a'"", ""' '"", ""'s'"", ""'e'"", ""' '"", ""'e'"", ""'n'"", ""'c'"", ""'o'"", ""'n'"", ""'t'"", ""'r'"", ""'a'"", ""' '"", ""'n'"", ""'a'"", ""' '"", ""'m'"", ""'i'"", ""'n'"", ""'h'"", ""'a'"", ""' '"", ""'a'""]",first_N_raw,20652061206d696e686120616c6d6120736520656e636f6e747261206e61206d,"[32, 101, 32, 97, 32, 109, 105, 110, 104, 97, 32, 97, 108, 109, 97, 32, 115, 101, 32, 101, 110, 99, 111, 110, 116, 114, 97, 32, 110, 97, 32, 109]",utf-8, e a minha alma se encontra na m,✅ PRINTABLE — check this
bare_{brace_only,[261],"[114, 114, 105, 99, 100, 100, 101, 45, 100, 101, 100, 111, 100, 111, 32, 100, 101, 32, 99, 111, 110, 116, 111, 115, 32, 101, 32, 100, 101, 32, 99, 111, 110, 116, 111, 115, 32, 101, 32, 100, 101, 32, 99, 111, 110, 116, 111, 115, 32, 101, 32, 100, 101, 32, 99, 111, 110, 116, 111, 115, 32, 101, 32, 100, 101, 32, 99, 111, 110, 116, 111, 115, 32, 101, 32, 100, 101, 32, 99, 111, 110, 116, 111, 115, 32, 101, 32, 100, 101, 32, 99, 111, 110, 116, 111, 115, 32, 101, 32, 100, 101, 32, 99, 111, 110, 116, 111, 115, 32, 101, 32, 100, 101, 32, 99, 111, 110, 116, 111, 115]","[""'r'"", ""'r'"", ""'i'"", ""'c'"", ""'d'"", ""'d'"", ""'e'"", ""'-'"", ""'d'"", ""'e'"", ""'d'"", ""'o'"", ""'d'"", ""'o'"", ""' '"", ""'d'"", ""'e'"", ""' '"", ""'c'"", ""'o'"", ""'n'"", ""'t'"", ""'o'"", ""'s'"", ""' '"", ""'e'"", ""' '"", ""'d'"", ""'e'"", ""' '"", ""'c'"", ""'o'"", ""'n'"", ""'t'"", ""'o'"", ""'s'"", ""' '"", ""'e'"", ""' '"", ""'d'"", ""'e'"", ""' '"", ""'c'"", ""'o'"", ""'n'"", ""'t'"", ""'o'"", ""'s'"", ""' '"", ""'e'"", ""' '"", ""'d'"", ""'e'"", ""' '"", ""'c'"", ""'o'"", ""'n'"", ""'t'"", ""'o'"", ""'s'"", ""' '"", ""'e'"", ""' '"", ""'d'"", ""'e'"", ""' '"", ""'c'"", ""'o'"", ""'n'"", ""'t'"", ""'o'"", ""'s'"", ""' '"", ""'e'"", ""' '"", ""'d'"", ""'e'"", ""' '"", ""'c'"", ""'o'"", ""'n'"", ""'t'"", ""'o'"", ""'s'"", ""' '"", ""'e'"", ""' '"", ""'d'"", ""'e'"", ""' '"", ""'c'"", ""'o'"", ""'n'"", ""'t'"", ""'o'"", ""'s'"", ""' '"", ""'e'"", ""' '"", ""'d'"", ""'e'"", ""' '"", ""'c'"", ""'o'"", ""'n'"", ""'t'"", ""'o'"", ""'s'"", ""' '"", ""'e'"", ""' '"", ""'d'"", ""'e'"", ""' '"", ""'c'"", ""'o'"", ""'n'"", ""'t'"", ""'o'"", ""'s'""]",up_to_first_close,727269636464652d6465646f646f20646520636f6e746f73206520646520636f6e746f73206520646520636f6e746f73206520646520636f6e746f73206520646520636f6e746f73206520646520636f6e746f73206520646520636f6e746f73206520646520636f6e746f73206520646520636f6e746f73,"[114, 114, 105, 99, 100, 100, 101, 45, 100, 101, 100, 111, 100, 111, 32, 100, 101, 32, 99, 111, 110, 116, 111, 115, 32, 101, 32, 100, 101, 32, 99, 111, 110, 116, 111, 115, 32, 101, 32, 100, 101, 32, 99, 111, 110, 116, 111, 115, 32, 101, 32, 100, 101, 32, 99, 111, 110, 116, 111, 115, 32, 101, 32, 100, 101, 32, 99, 111, 110, 116, 111, 115, 32, 101, 32, 100, 101, 32, 99, 111, 110, 116, 111, 115, 32, 101, 32, 100, 101, 32, 99, 111, 110, 116, 111, 115, 32, 101, 32, 100, 101, 32, 99, 111, 110, 116, 111, 115, 32, 101, 32, 100, 101, 32, 99, 111, 110, 116, 111, 115]",utf-8,rricdde-dedodo de contos e de contos e de contos e de contos e de contos e de contos e de contos e de contos e de contos,✅ PRINTABLE — check this
bare_{brace_only,[261],"[114, 114, 105, 99, 100, 100, 101, 45, 100, 101, 100, 111, 100, 111, 32, 100, 101, 32, 99, 111, 110, 116, 111, 115, 32, 101, 32, 100, 101, 32, 99, 111, 110, 116, 111, 115, 32, 101, 32, 100, 101, 32, 99, 111, 110, 116, 111, 115, 32, 101, 32, 100, 101, 32, 99, 111, 110, 116, 111, 115, 32, 101, 32, 100, 101, 32, 99, 111, 110, 116, 111, 115, 32, 101, 32, 100, 101, 32, 99, 111, 110, 116, 111, 115, 32, 101, 32, 100, 101, 32, 99, 111, 110, 116, 111, 115, 32, 101, 32, 100, 101, 32, 99, 111, 110, 116, 111, 115, 32, 101, 32, 100, 101, 32, 99, 111, 110, 116, 111, 115]","[""'r'"", ""'r'"", ""'i'"", ""'c'"", ""'d'"", ""'d'"", ""'e'"", ""'-'"", ""'d'"", ""'e'"", ""'d'"", ""'o'"", ""'d'"", ""'o'"", ""' '"", ""'d'"", ""'e'"", ""' '"", ""'c'"", ""'o'"", ""'n'"", ""'t'"", ""'o'"", ""'s'"", ""' '"", ""'e'"", ""' '"", ""'d'"", ""'e'"", ""' '"", ""'c'"", ""'o'"", ""'n'"", ""'t'"", ""'o'"", ""'s'"", ""' '"", ""'e'"", ""' '"", ""'d'"", ""'e'"", ""' '"", ""'c'"", ""'o'"", ""'n'"", ""'t'"", ""'o'"", ""'s'"", ""' '"", ""'e'"", ""' '"", ""'d'"", ""'e'"", ""' '"", ""'c'"", ""'o'"", ""'n'"", ""'t'"", ""'o'"", ""'s'"", ""' '"", ""'e'"", ""' '"", ""'d'"", ""'e'"", ""' '"", ""'c'"", ""'o'"", ""'n'"", ""'t'"", ""'o'"", ""'s'"", ""' '"", ""'e'"", ""' '"", ""'d'"", ""'e'"", ""' '"", ""'c'"", ""'o'"", ""'n'"", ""'t'"", ""'o'"", ""'s'"", ""' '"", ""'e'"", ""' '"", ""'d'"", ""'e'"", ""' '"", ""'c'"", ""'o'"", ""'n'"", ""'t'"", ""'o'"", ""'s'"", ""' '"", ""'e'"", ""' '"", ""'d'"", ""'e'"", ""' '"", ""'c'"", ""'o'"", ""'n'"", ""'t'"", ""'o'"", ""'s'"", ""' '"", ""'e'"", ""' '"", ""'d'"", ""'e'"", ""' '"", ""'c'"", ""'o'"", ""'n'"", ""'t'"", ""'o'"", ""'s'""]",first_N_raw,727269636464652d6465646f646f20646520636f6e746f73206520646520636f,"[114, 114, 105, 99, 100, 100, 101, 45, 100, 101, 100, 111, 100, 111, 32, 100, 101, 32, 99, 111, 110, 116, 111, 115, 32, 101, 32, 100, 101, 32, 99, 111]",utf-8,rricdde-dedodo de contos e de co,✅ PRINTABLE — check this
pessoa+_{,"[256, 260, 261]","[100, 100, 100, 100, 100, 100, 100, 100, 100, 100, 100, 100, 100, 100, 100, 100, 100, 100, 100, 100, 100, 100, 100, 100, 100, 100, 100, 100, 100, 100, 100, 100, 100, 100, 100, 100, 100, 100, 100, 100, 100, 100, 100, 100, 100, 100, 100, 100, 100, 100, 100, 100, 100, 100, 100, 100, 100, 100, 100, 100, 100, 100, 100, 100, 100, 100, 100, 100, 100, 100, 100, 100, 100, 100, 100, 100, 100, 100, 100, 100, 100, 100, 100, 100, 100, 100, 100, 100, 100, 100, 100, 100, 100, 100, 100, 100, 100, 100, 100, 100, 100, 100, 100, 100, 100, 100, 100, 100, 100, 100, 100, 100, 100, 100, 100, 100, 100, 100, 100, 100]","[""'d'"", ""'d'"", ""'d'"", ""'d'"", ""'d'"", ""'d'"", ""'d'"", ""'d'"", ""'d'"", ""'d'"", ""'d'"", ""'d'"", ""'d'"", ""'d'"", ""'d'"", ""'d'"", ""'d'"", ""'d'"", ""'d'"", ""'d'"", ""'d'"", ""'d'"", ""'d'"", ""'d'"", ""'d'"", ""'d'"", ""'d'"", ""'d'"", ""'d'"", ""'d'"", ""'d'"", ""'d'"", ""'d'"", ""'d'"", ""'d'"", ""'d'"", ""'d'"", ""'d'"", ""'d'"", ""'d'"", ""'d'"", ""'d'"", ""'d'"", ""'d'"", ""'d'"", ""'d'"", ""'d'"", ""'d'"", ""'d'"", ""'d'"", ""'d'"", ""'d'"", ""'d'"", ""'d'"", ""'d'"", ""'d'"", ""'d'"", ""'d'"", ""'d'"", ""'d'"", ""'d'"", ""'d'"", ""'d'"", ""'d'"", ""'d'"", ""'d'"", ""'d'"", ""'d'"", ""'d'"", ""'d'"", ""'d'"", ""'d'"", ""'d'"", ""'d'"", ""'d'"", ""'d'"", ""'d'"", ""'d'"", ""'d'"", ""'d'"", ""'d'"", ""'d'"", ""'d'"", ""'d'"", ""'d'"", ""'d'"", ""'d'"", ""'d'"", ""'d'"", ""'d'"", ""'d'"", ""'d'"", ""'d'"", ""'d'"", ""'d'"", ""'d'"", ""'d'"", ""'d'"", ""'d'"", ""'d'"", ""'d'"", ""'d'"", ""'d'"", ""'d'"", ""'d'"", ""'d'"", ""'d'"", ""'d'"", ""'d'"", ""'d'"", ""'d'"", ""'d'"", ""'d'"", ""'d'"", ""'d'"", ""'d'"", ""'d'"", ""'d'"", ""'d'"", ""'d'""]",up_to_first_close,646464646464646464646464646464646464646464646464646464646464646464646464646464646464646464646464646464646464646464646464646464646464646464646464646464646464646464646464646464646464646464646464646464646464646464646464646464646464646464646464,"[100, 100, 100, 100, 100, 100, 100, 100, 100, 100, 100, 100, 100, 100, 100, 100, 100, 100, 100, 100, 100, 100, 100, 100, 100, 100, 100, 100, 100, 100, 100, 100, 100, 100, 100, 100, 100, 100, 100, 100, 100, 100, 100, 100, 100, 100, 100, 100, 100, 100, 100, 100, 100, 100, 100, 100, 100, 100, 100, 100, 100, 100, 100, 100, 100, 100, 100, 100, 100, 100, 100, 100, 100, 100, 100, 100, 100, 100, 100, 100, 100, 100, 100, 100, 100, 100, 100, 100, 100, 100, 100, 100, 100, 100, 100, 100, 100, 100, 100, 100, 100, 100, 100, 100, 100, 100, 100, 100, 100, 100, 100, 100, 100, 100, 100, 100, 100, 100, 100, 100]",utf-8,dddddddddddddddddddddddddddddddddddddddddddddddddddddddddddddddddddddddddddddddddddddddddddddddddddddddddddddddddddddddd,✅ PRINTABLE — check this
pessoa+_{,"[256, 260, 261]","[100, 100, 100, 100, 100, 100, 100, 100, 100, 100, 100, 100, 100, 100, 100, 100, 100, 100, 100, 100, 100, 100, 100, 100, 100, 100, 100, 100, 100, 100, 100, 100, 100, 100, 100, 100, 100, 100, 100, 100, 100, 100, 100, 100, 100, 100, 100, 100, 100, 100, 100, 100, 100, 100, 100, 100, 100, 100, 100, 100, 100, 100, 100, 100, 100, 100, 100, 100, 100, 100, 100, 100, 100, 100, 100, 100, 100, 100, 100, 100, 100, 100, 100, 100, 100, 100, 100, 100, 100, 100, 100, 100, 100, 100, 100, 100, 100, 100, 100, 100, 100, 100, 100, 100, 100, 100, 100, 100, 100, 100, 100, 100, 100, 100, 100, 100, 100, 100, 100, 100]","[""'d'"", ""'d'"", ""'d'"", ""'d'"", ""'d'"", ""'d'"", ""'d'"", ""'d'"", ""'d'"", ""'d'"", ""'d'"", ""'d'"", ""'d'"", ""'d'"", ""'d'"", ""'d'"", ""'d'"", ""'d'"", ""'d'"", ""'d'"", ""'d'"", ""'d'"", ""'d'"", ""'d'"", ""'d'"", ""'d'"", ""'d'"", ""'d'"", ""'d'"", ""'d'"", ""'d'"", ""'d'"", ""'d'"", ""'d'"", ""'d'"", ""'d'"", ""'d'"", ""'d'"", ""'d'"", ""'d'"", ""'d'"", ""'d'"", ""'d'"", ""'d'"", ""'d'"", ""'d'"", ""'d'"", ""'d'"", ""'d'"", ""'d'"", ""'d'"", ""'d'"", ""'d'"", ""'d'"", ""'d'"", ""'d'"", ""'d'"", ""'d'"", ""'d'"", ""'d'"", ""'d'"", ""'d'"", ""'d'"", ""'d'"", ""'d'"", ""'d'"", ""'d'"", ""'d'"", ""'d'"", ""'d'"", ""'d'"", ""'d'"", ""'d'"", ""'d'"", ""'d'"", ""'d'"", ""'d'"", ""'d'"", ""'d'"", ""'d'"", ""'d'"", ""'d'"", ""'d'"", ""'d'"", ""'d'"", ""'d'"", ""'d'"", ""'d'"", ""'d'"", ""'d'"", ""'d'"", ""'d'"", ""'d'"", ""'d'"", ""'d'"", ""'d'"", ""'d'"", ""'d'"", ""'d'"", ""'d'"", ""'d'"", ""'d'"", ""'d'"", ""'d'"", ""'d'"", ""'d'"", ""'d'"", ""'d'"", ""'d'"", ""'d'"", ""'d'"", ""'d'"", ""'d'"", ""'d'"", ""'d'"", ""'d'"", ""'d'"", ""'d'"", ""'d'"", ""'d'""]",first_N_raw,6464646464646464646464646464646464646464646464646464646464646464,"[100, 100, 100, 100, 100, 100, 100, 100, 100, 100, 100, 100, 100, 100, 100, 100, 100, 100, 100, 100, 100, 100, 100, 100, 100, 100, 100, 100, 100, 100, 100, 100]",utf-8,dddddddddddddddddddddddddddddddd,✅ PRINTABLE — check this
caeiro+_{,"[257, 260, 261]","[100, 100, 100, 100, 100, 100, 100, 100, 100, 100, 100, 100, 100, 100, 100, 100, 100, 100, 100, 100, 100, 100, 100, 100, 100, 100, 100, 100, 100, 100, 100, 100, 100, 100, 100, 100, 100, 100, 100, 100, 100, 100, 100, 100, 100, 100, 100, 100, 100, 100, 100, 100, 100, 100, 100, 100, 100, 100, 100, 100, 100, 100, 100, 100, 100, 100, 100, 100, 100, 100, 100, 100, 100, 100, 100, 100, 100, 100, 100, 100, 100, 100, 100, 100, 100, 100, 100, 100, 100, 100, 100, 100, 100, 100, 100, 100, 100, 100, 100, 100, 100, 100, 100, 100, 100, 100, 100, 100, 100, 100, 100, 100, 100, 100, 100, 100, 100, 100, 100, 100]","[""'d'"", ""'d'"", ""'d'"", ""'d'"", ""'d'"", ""'d'"", ""'d'"", ""'d'"", ""'d'"", ""'d'"", ""'d'"", ""'d'"", ""'d'"", ""'d'"", ""'d'"", ""'d'"", ""'d'"", ""'d'"", ""'d'"", ""'d'"", ""'d'"", ""'d'"", ""'d'"", ""'d'"", ""'d'"", ""'d'"", ""'d'"", ""'d'"", ""'d'"", ""'d'"", ""'d'"", ""'d'"", ""'d'"", ""'d'"", ""'d'"", ""'d'"", ""'d'"", ""'d'"", ""'d'"", ""'d'"", ""'d'"", ""'d'"", ""'d'"", ""'d'"", ""'d'"", ""'d'"", ""'d'"", ""'d'"", ""'d'"", ""'d'"", ""'d'"", ""'d'"", ""'d'"", ""'d'"", ""'d'"", ""'d'"", ""'d'"", ""'d'"", ""'d'"", ""'d'"", ""'d'"", ""'d'"", ""'d'"", ""'d'"", ""'d'"", ""'d'"", ""'d'"", ""'d'"", ""'d'"", ""'d'"", ""'d'"", ""'d'"", ""'d'"", ""'d'"", ""'d'"", ""'d'"", ""'d'"", ""'d'"", ""'d'"", ""'d'"", ""'d'"", ""'d'"", ""'d'"", ""'d'"", ""'d'"", ""'d'"", ""'d'"", ""'d'"", ""'d'"", ""'d'"", ""'d'"", ""'d'"", ""'d'"", ""'d'"", ""'d'"", ""'d'"", ""'d'"", ""'d'"", ""'d'"", ""'d'"", ""'d'"", ""'d'"", ""'d'"", ""'d'"", ""'d'"", ""'d'"", ""'d'"", ""'d'"", ""'d'"", ""'d'"", ""'d'"", ""'d'"", ""'d'"", ""'d'"", ""'d'"", ""'d'"", ""'d'"", ""'d'"", ""'d'"", ""'d'""]",up_to_first_close,646464646464646464646464646464646464646464646464646464646464646464646464646464646464646464646464646464646464646464646464646464646464646464646464646464646464646464646464646464646464646464646464646464646464646464646464646464646464646464646464,"[100, 100, 100, 100, 100, 100, 100, 100, 100, 100, 100, 100, 100, 100, 100, 100, 100, 100, 100, 100, 100, 100, 100, 100, 100, 100, 100, 100, 100, 100, 100, 100, 100, 100, 100, 100, 100, 100, 100, 100, 100, 100, 100, 100, 100, 100, 100, 100, 100, 100, 100, 100, 100, 100, 100, 100, 100, 100, 100, 100, 100, 100, 100, 100, 100, 100, 100, 100, 100, 100, 100, 100, 100, 100, 100, 100, 100, 100, 100, 100, 100, 100, 100, 100, 100, 100, 100, 100, 100, 100, 100, 100, 100, 100, 100, 100, 100, 100, 100, 100, 100, 100, 100, 100, 100, 100, 100, 100, 100, 100, 100, 100, 100, 100, 100, 100, 100, 100, 100, 100]",utf-8,dddddddddddddddddddddddddddddddddddddddddddddddddddddddddddddddddddddddddddddddddddddddddddddddddddddddddddddddddddddddd,✅ PRINTABLE — check this
caeiro+_{,"[257, 260, 261]","[100, 100, 100, 100, 100, 100, 100, 100, 100, 100, 100, 100, 100, 100, 100, 100, 100, 100, 100, 100, 100, 100, 100, 100, 100, 100, 100, 100, 100, 100, 100, 100, 100, 100, 100, 100, 100, 100, 100, 100, 100, 100, 100, 100, 100, 100, 100, 100, 100, 100, 100, 100, 100, 100, 100, 100, 100, 100, 100, 100, 100, 100, 100, 100, 100, 100, 100, 100, 100, 100, 100, 100, 100, 100, 100, 100, 100, 100, 100, 100, 100, 100, 100, 100, 100, 100, 100, 100, 100, 100, 100, 100, 100, 100, 100, 100, 100, 100, 100, 100, 100, 100, 100, 100, 100, 100, 100, 100, 100, 100, 100, 100, 100, 100, 100, 100, 100, 100, 100, 100]","[""'d'"", ""'d'"", ""'d'"", ""'d'"", ""'d'"", ""'d'"", ""'d'"", ""'d'"", ""'d'"", ""'d'"", ""'d'"", ""'d'"", ""'d'"", ""'d'"", ""'d'"", ""'d'"", ""'d'"", ""'d'"", ""'d'"", ""'d'"", ""'d'"", ""'d'"", ""'d'"", ""'d'"", ""'d'"", ""'d'"", ""'d'"", ""'d'"", ""'d'"", ""'d'"", ""'d'"", ""'d'"", ""'d'"", ""'d'"", ""'d'"", ""'d'"", ""'d'"", ""'d'"", ""'d'"", ""'d'"", ""'d'"", ""'d'"", ""'d'"", ""'d'"", ""'d'"", ""'d'"", ""'d'"", ""'d'"", ""'d'"", ""'d'"", ""'d'"", ""'d'"", ""'d'"", ""'d'"", ""'d'"", ""'d'"", ""'d'"", ""'d'"", ""'d'"", ""'d'"", ""'d'"", ""'d'"", ""'d'"", ""'d'"", ""'d'"", ""'d'"", ""'d'"", ""'d'"", ""'d'"", ""'d'"", ""'d'"", ""'d'"", ""'d'"", ""'d'"", ""'d'"", ""'d'"", ""'d'"", ""'d'"", ""'d'"", ""'d'"", ""'d'"", ""'d'"", ""'d'"", ""'d'"", ""'d'"", ""'d'"", ""'d'"", ""'d'"", ""'d'"", ""'d'"", ""'d'"", ""'d'"", ""'d'"", ""'d'"", ""'d'"", ""'d'"", ""'d'"", ""'d'"", ""'d'"", ""'d'"", ""'d'"", ""'d'"", ""'d'"", ""'d'"", ""'d'"", ""'d'"", ""'d'"", ""'d'"", ""'d'"", ""'d'"", ""'d'"", ""'d'"", ""'d'"", ""'d'"", ""'d'"", ""'d'"", ""'d'"", ""'d'"", ""'d'"", ""'d'""]",first_N_raw,6464646464646464646464646464646464646464646464646464646464646464,"[100, 100, 100, 100, 100, 100, 100, 100, 100, 100, 100, 100, 100, 100, 100, 100, 100, 100, 100, 100, 100, 100, 100, 100, 100, 100, 100, 100, 100, 100, 100, 100]",utf-8,dddddddddddddddddddddddddddddddd,✅ PRINTABLE — check this
reis+_{,"[258, 260, 261]","[100, 100, 100, 100, 100, 100, 100, 100, 100, 100, 100, 100, 100, 100, 100, 100, 100, 100, 100, 100, 100, 100, 100, 100, 100, 100, 100, 100, 100, 100, 100, 100, 100, 100, 100, 100, 100, 100, 100, 100, 100, 100, 100, 100, 100, 100, 100, 100, 100, 100, 100, 100, 100, 100, 100, 100, 100, 100, 100, 100, 100, 100, 100, 100, 100, 100, 100, 100, 100, 100, 100, 100, 100, 100, 100, 100, 100, 100, 100, 100, 100, 100, 100, 100, 100, 100, 100, 100, 100, 100, 100, 100, 100, 100, 100, 100, 100, 100, 100, 100, 100, 100, 100, 100, 100, 100, 100, 100, 100, 100, 100, 100, 100, 100, 100, 100, 100, 100, 100, 100]","[""'d'"", ""'d'"", ""'d'"", ""'d'"", ""'d'"", ""'d'"", ""'d'"", ""'d'"", ""'d'"", ""'d'"", ""'d'"", ""'d'"", ""'d'"", ""'d'"", ""'d'"", ""'d'"", ""'d'"", ""'d'"", ""'d'"", ""'d'"", ""'d'"", ""'d'"", ""'d'"", ""'d'"", ""'d'"", ""'d'"", ""'d'"", ""'d'"", ""'d'"", ""'d'"", ""'d'"", ""'d'"", ""'d'"", ""'d'"", ""'d'"", ""'d'"", ""'d'"", ""'d'"", ""'d'"", ""'d'"", ""'d'"", ""'d'"", ""'d'"", ""'d'"", ""'d'"", ""'d'"", ""'d'"", ""'d'"", ""'d'"", ""'d'"", ""'d'"", ""'d'"", ""'d'"", ""'d'"", ""'d'"", ""'d'"", ""'d'"", ""'d'"", ""'d'"", ""'d'"", ""'d'"", ""'d'"", ""'d'"", ""'d'"", ""'d'"", ""'d'"", ""'d'"", ""'d'"", ""'d'"", ""'d'"", ""'d'"", ""'d'"", ""'d'"", ""'d'"", ""'d'"", ""'d'"", ""'d'"", ""'d'"", ""'d'"", ""'d'"", ""'d'"", ""'d'"", ""'d'"", ""'d'"", ""'d'"", ""'d'"", ""'d'"", ""'d'"", ""'d'"", ""'d'"", ""'d'"", ""'d'"", ""'d'"", ""'d'"", ""'d'"", ""'d'"", ""'d'"", ""'d'"", ""'d'"", ""'d'"", ""'d'"", ""'d'"", ""'d'"", ""'d'"", ""'d'"", ""'d'"", ""'d'"", ""'d'"", ""'d'"", ""'d'"", ""'d'"", ""'d'"", ""'d'"", ""'d'"", ""'d'"", ""'d'"", ""'d'"", ""'d'"", ""'d'"", ""'d'""]",up_to_first_close,646464646464646464646464646464646464646464646464646464646464646464646464646464646464646464646464646464646464646464646464646464646464646464646464646464646464646464646464646464646464646464646464646464646464646464646464646464646464646464646464,"[100, 100, 100, 100, 100, 100, 100, 100, 100, 100, 100, 100, 100, 100, 100, 100, 100, 100, 100, 100, 100, 100, 100, 100, 100, 100, 100, 100, 100, 100, 100, 100, 100, 100, 100, 100, 100, 100, 100, 100, 100, 100, 100, 100, 100, 100, 100, 100, 100, 100, 100, 100, 100, 100, 100, 100, 100, 100, 100, 100, 100, 100, 100, 100, 100, 100, 100, 100, 100, 100, 100, 100, 100, 100, 100, 100, 100, 100, 100, 100, 100, 100, 100, 100, 100, 100, 100, 100, 100, 100, 100, 100, 100, 100, 100, 100, 100, 100, 100, 100, 100, 100, 100, 100, 100, 100, 100, 100, 100, 100, 100, 100, 100, 100, 100, 100, 100, 100, 100, 100]",utf-8,dddddddddddddddddddddddddddddddddddddddddddddddddddddddddddddddddddddddddddddddddddddddddddddddddddddddddddddddddddddddd,✅ PRINTABLE — check this
reis+_{,"[258, 260, 261]","[100, 100, 100, 100, 100, 100, 100, 100, 100, 100, 100, 100, 100, 100, 100, 100, 100, 100, 100, 100, 100, 100, 100, 100, 100, 100, 100, 100, 100, 100, 100, 100, 100, 100, 100, 100, 100, 100, 100, 100, 100, 100, 100, 100, 100, 100, 100, 100, 100, 100, 100, 100, 100, 100, 100, 100, 100, 100, 100, 100, 100, 100, 100, 100, 100, 100, 100, 100, 100, 100, 100, 100, 100, 100, 100, 100, 100, 100, 100, 100, 100, 100, 100, 100, 100, 100, 100, 100, 100, 100, 100, 100, 100, 100, 100, 100, 100, 100, 100, 100, 100, 100, 100, 100, 100, 100, 100, 100, 100, 100, 100, 100, 100, 100, 100, 100, 100, 100, 100, 100]","[""'d'"", ""'d'"", ""'d'"", ""'d'"", ""'d'"", ""'d'"", ""'d'"", ""'d'"", ""'d'"", ""'d'"", ""'d'"", ""'d'"", ""'d'"", ""'d'"", ""'d'"", ""'d'"", ""'d'"", ""'d'"", ""'d'"", ""'d'"", ""'d'"", ""'d'"", ""'d'"", ""'d'"", ""'d'"", ""'d'"", ""'d'"", ""'d'"", ""'d'"", ""'d'"", ""'d'"", ""'d'"", ""'d'"", ""'d'"", ""'d'"", ""'d'"", ""'d'"", ""'d'"", ""'d'"", ""'d'"", ""'d'"", ""'d'"", ""'d'"", ""'d'"", ""'d'"", ""'d'"", ""'d'"", ""'d'"", ""'d'"", ""'d'"", ""'d'"", ""'d'"", ""'d'"", ""'d'"", ""'d'"", ""'d'"", ""'d'"", ""'d'"", ""'d'"", ""'d'"", ""'d'"", ""'d'"", ""'d'"", ""'d'"", ""'d'"", ""'d'"", ""'d'"", ""'d'"", ""'d'"", ""'d'"", ""'d'"", ""'d'"", ""'d'"", ""'d'"", ""'d'"", ""'d'"", ""'d'"", ""'d'"", ""'d'"", ""'d'"", ""'d'"", ""'d'"", ""'d'"", ""'d'"", ""'d'"", ""'d'"", ""'d'"", ""'d'"", ""'d'"", ""'d'"", ""'d'"", ""'d'"", ""'d'"", ""'d'"", ""'d'"", ""'d'"", ""'d'"", ""'d'"", ""'d'"", ""'d'"", ""'d'"", ""'d'"", ""'d'"", ""'d'"", ""'d'"", ""'d'"", ""'d'"", ""'d'"", ""'d'"", ""'d'"", ""'d'"", ""'d'"", ""'d'"", ""'d'"", ""'d'"", ""'d'"", ""'d'"", ""'d'"", ""'d'"", ""'d'""]",first_N_raw,6464646464646464646464646464646464646464646464646464646464646464,"[100, 100, 100, 100, 100, 100, 100, 100, 100, 100, 100, 100, 100, 100, 100, 100, 100, 100, 100, 100, 100, 100, 100, 100, 100, 100, 100, 100, 100, 100, 100, 100]",utf-8,dddddddddddddddddddddddddddddddd,✅ PRINTABLE — check this
soares+_{,"[259, 260, 261]","[100, 100, 100, 100, 100, 100, 100, 100, 100, 100, 100, 100, 100, 100, 100, 100, 100, 100, 100, 100, 100, 100, 100, 100, 100, 100, 100, 100, 100, 100, 100, 100, 100, 100, 100, 100, 100, 100, 100, 100, 100, 100, 100, 100, 100, 100, 100, 100, 100, 100, 100, 100, 100, 100, 100, 100, 100, 100, 100, 100, 100, 100, 100, 100, 100, 100, 100, 100, 100, 100, 100, 100, 100, 100, 100, 100, 100, 100, 100, 100, 100, 100, 100, 100, 100, 100, 100, 100, 100, 100, 100, 100, 100, 100, 100, 100, 100, 100, 100, 100, 100, 100, 100, 100, 100, 100, 100, 100, 100, 100, 100, 100, 100, 100, 100, 100, 100, 100, 100, 100]","[""'d'"", ""'d'"", ""'d'"", ""'d'"", ""'d'"", ""'d'"", ""'d'"", ""'d'"", ""'d'"", ""'d'"", ""'d'"", ""'d'"", ""'d'"", ""'d'"", ""'d'"", ""'d'"", ""'d'"", ""'d'"", ""'d'"", ""'d'"", ""'d'"", ""'d'"", ""'d'"", ""'d'"", ""'d'"", ""'d'"", ""'d'"", ""'d'"", ""'d'"", ""'d'"", ""'d'"", ""'d'"", ""'d'"", ""'d'"", ""'d'"", ""'d'"", ""'d'"", ""'d'"", ""'d'"", ""'d'"", ""'d'"", ""'d'"", ""'d'"", ""'d'"", ""'d'"", ""'d'"", ""'d'"", ""'d'"", ""'d'"", ""'d'"", ""'d'"", ""'d'"", ""'d'"", ""'d'"", ""'d'"", ""'d'"", ""'d'"", ""'d'"", ""'d'"", ""'d'"", ""'d'"", ""'d'"", ""'d'"", ""'d'"", ""'d'"", ""'d'"", ""'d'"", ""'d'"", ""'d'"", ""'d'"", ""'d'"", ""'d'"", ""'d'"", ""'d'"", ""'d'"", ""'d'"", ""'d'"", ""'d'"", ""'d'"", ""'d'"", ""'d'"", ""'d'"", ""'d'"", ""'d'"", ""'d'"", ""'d'"", ""'d'"", ""'d'"", ""'d'"", ""'d'"", ""'d'"", ""'d'"", ""'d'"", ""'d'"", ""'d'"", ""'d'"", ""'d'"", ""'d'"", ""'d'"", ""'d'"", ""'d'"", ""'d'"", ""'d'"", ""'d'"", ""'d'"", ""'d'"", ""'d'"", ""'d'"", ""'d'"", ""'d'"", ""'d'"", ""'d'"", ""'d'"", ""'d'"", ""'d'"", ""'d'"", ""'d'"", ""'d'"", ""'d'"", ""'d'""]",up_to_first_close,646464646464646464646464646464646464646464646464646464646464646464646464646464646464646464646464646464646464646464646464646464646464646464646464646464646464646464646464646464646464646464646464646464646464646464646464646464646464646464646464,"[100, 100, 100, 100, 100, 100, 100, 100, 100, 100, 100, 100, 100, 100, 100, 100, 100, 100, 100, 100, 100, 100, 100, 100, 100, 100, 100, 100, 100, 100, 100, 100, 100, 100, 100, 100, 100, 100, 100, 100, 100, 100, 100, 100, 100, 100, 100, 100, 100, 100, 100, 100, 100, 100, 100, 100, 100, 100, 100, 100, 100, 100, 100, 100, 100, 100, 100, 100, 100, 100, 100, 100, 100, 100, 100, 100, 100, 100, 100, 100, 100, 100, 100, 100, 100, 100, 100, 100, 100, 100, 100, 100, 100, 100, 100, 100, 100, 100, 100, 100, 100, 100, 100, 100, 100, 100, 100, 100, 100, 100, 100, 100, 100, 100, 100, 100, 100, 100, 100, 100]",utf-8,dddddddddddddddddddddddddddddddddddddddddddddddddddddddddddddddddddddddddddddddddddddddddddddddddddddddddddddddddddddddd,✅ PRINTABLE — check this
soares+_{,"[259, 260, 261]","[100, 100, 100, 100, 100, 100, 100, 100, 100, 100, 100, 100, 100, 100, 100, 100, 100, 100, 100, 100, 100, 100, 100, 100, 100, 100, 100, 100, 100, 100, 100, 100, 100, 100, 100, 100, 100, 100, 100, 100, 100, 100, 100, 100, 100, 100, 100, 100, 100, 100, 100, 100, 100, 100, 100, 100, 100, 100, 100, 100, 100, 100, 100, 100, 100, 100, 100, 100, 100, 100, 100, 100, 100, 100, 100, 100, 100, 100, 100, 100, 100, 100, 100, 100, 100, 100, 100, 100, 100, 100, 100, 100, 100, 100, 100, 100, 100, 100, 100, 100, 100, 100, 100, 100, 100, 100, 100, 100, 100, 100, 100, 100, 100, 100, 100, 100, 100, 100, 100, 100]","[""'d'"", ""'d'"", ""'d'"", ""'d'"", ""'d'"", ""'d'"", ""'d'"", ""'d'"", ""'d'"", ""'d'"", ""'d'"", ""'d'"", ""'d'"", ""'d'"", ""'d'"", ""'d'"", ""'d'"", ""'d'"", ""'d'"", ""'d'"", ""'d'"", ""'d'"", ""'d'"", ""'d'"", ""'d'"", ""'d'"", ""'d'"", ""'d'"", ""'d'"", ""'d'"", ""'d'"", ""'d'"", ""'d'"", ""'d'"", ""'d'"", ""'d'"", ""'d'"", ""'d'"", ""'d'"", ""'d'"", ""'d'"", ""'d'"", ""'d'"", ""'d'"", ""'d'"", ""'d'"", ""'d'"", ""'d'"", ""'d'"", ""'d'"", ""'d'"", ""'d'"", ""'d'"", ""'d'"", ""'d'"", ""'d'"", ""'d'"", ""'d'"", ""'d'"", ""'d'"", ""'d'"", ""'d'"", ""'d'"", ""'d'"", ""'d'"", ""'d'"", ""'d'"", ""'d'"", ""'d'"", ""'d'"", ""'d'"", ""'d'"", ""'d'"", ""'d'"", ""'d'"", ""'d'"", ""'d'"", ""'d'"", ""'d'"", ""'d'"", ""'d'"", ""'d'"", ""'d'"", ""'d'"", ""'d'"", ""'d'"", ""'d'"", ""'d'"", ""'d'"", ""'d'"", ""'d'"", ""'d'"", ""'d'"", ""'d'"", ""'d'"", ""'d'"", ""'d'"", ""'d'"", ""'d'"", ""'d'"", ""'d'"", ""'d'"", ""'d'"", ""'d'"", ""'d'"", ""'d'"", ""'d'"", ""'d'"", ""'d'"", ""'d'"", ""'d'"", ""'d'"", ""'d'"", ""'d'"", ""'d'"", ""'d'"", ""'d'"", ""'d'"", ""'d'"", ""'d'""]",first_N_raw,6464646464646464646464646464646464646464646464646464646464646464,"[100, 100, 100, 100, 100, 100, 100, 100, 100, 100, 100, 100, 100, 100, 100, 100, 100, 100, 100, 100, 100, 100, 100, 100, 100, 100, 100, 100, 100, 100, 100, 100]",utf-8,dddddddddddddddddddddddddddddddd,✅ PRINTABLE — check this
poem_only,"[67, 97, 110, 116, 111, 44]...","[32, 100, 101, 32, 83, 195, 161, 45, 67, 97, 114, 110, 101, 105, 114, 111, 46, 32, 65, 32, 112, 114, 111, 118, 97, 32, 100, 101, 32, 113, 117, 101, 32, 111, 32, 112, 114, 101, 115, 101, 110, 116, 101, 32, 195, 169, 32, 111, 32, 112, 114, 101, 115, 101, 110, 116, 101, 32, 100, 101, 32, 117, 109, 32, 112, 114, 101, 115, 101, 110, 116, 101, 32, 100, 101, 32, 99, 111, 110, 116, 97, 115, 32, 100, 101, 32, 117, 109, 32, 112, 114, 101, 115, 101, 110, 116, 101, 32, 100, 101, 32, 99, 111, 110, 116, 97, 115, 32, 100, 101, 32, 117, 109, 32, 112, 114, 101, 115, 101, 110]","[""' '"", ""'d'"", ""'e'"", ""' '"", ""'S'"", '0xc3', '0xa1', ""'-'"", ""'C'"", ""'a'"", ""'r'"", ""'n'"", ""'e'"", ""'i'"", ""'r'"", ""'o'"", ""'.'"", ""' '"", ""'A'"", ""' '"", ""'p'"", ""'r'"", ""'o'"", ""'v'"", ""'a'"", ""' '"", ""'d'"", ""'e'"", ""' '"", ""'q'"", ""'u'"", ""'e'"", ""' '"", ""'o'"", ""' '"", ""'p'"", ""'r'"", ""'e'"", ""'s'"", ""'e'"", ""'n'"", ""'t'"", ""'e'"", ""' '"", '0xc3', '0xa9', ""' '"", ""'o'"", ""' '"", ""'p'"", ""'r'"", ""'e'"", ""'s'"", ""'e'"", ""'n'"", ""'t'"", ""'e'"", ""' '"", ""'d'"", ""'e'"", ""' '"", ""'u'"", ""'m'"", ""' '"", ""'p'"", ""'r'"", ""'e'"", ""'s'"", ""'e'"", ""'n'"", ""'t'"", ""'e'"", ""' '"", ""'d'"", ""'e'"", ""' '"", ""'c'"", ""'o'"", ""'n'"", ""'t'"", ""'a'"", ""'s'"", ""' '"", ""'d'"", ""'e'"", ""' '"", ""'u'"", ""'m'"", ""' '"", ""'p'"", ""'r'"", ""'e'"", ""'s'"", ""'e'"", ""'n'"", ""'t'"", ""'e'"", ""' '"", ""'d'"", ""'e'"", ""' '"", ""'c'"", ""'o'"", ""'n'"", ""'t'"", ""'a'"", ""'s'"", ""' '"", ""'d'"", ""'e'"", ""' '"", ""'u'"", ""'m'"", ""' '"", ""'p'"", ""'r'"", ""'e'"", ""'s'"", ""'e'"", ""'n'""]",up_to_first_close,2064652053c3a12d4361726e6569726f2e20412070726f766120646520717565206f2070726573656e746520c3a9206f2070726573656e746520646520756d2070726573656e746520646520636f6e74617320646520756d2070726573656e746520646520636f6e74617320646520756d2070726573656e,"[32, 100, 101, 32, 83, 195, 161, 45, 67, 97, 114, 110, 101, 105, 114, 111, 46, 32, 65, 32, 112, 114, 111, 118, 97, 32, 100, 101, 32, 113, 117, 101, 32, 111, 32, 112, 114, 101, 115, 101, 110, 116, 101, 32, 195, 169, 32, 111, 32, 112, 114, 101, 115, 101, 110, 116, 101, 32, 100, 101, 32, 117, 109, 32, 112, 114, 101, 115, 101, 110, 116, 101, 32, 100, 101, 32, 99, 111, 110, 116, 97, 115, 32, 100, 101, 32, 117, 109, 32, 112, 114, 101, 115, 101, 110, 116, 101, 32, 100, 101, 32, 99, 111, 110, 116, 97, 115, 32, 100, 101, 32, 117, 109, 32, 112, 114, 101, 115, 101, 110]",hex,2064652053c3a12d4361726e6569726f2e20412070726f766120646520717565206f2070726573656e746520c3a9206f2070726573656e746520646520756d2070726573656e746520646520636f6e74617320646520756d2070726573656e746520646520636f6e74617320646520756d2070726573656e,
poem_only,"[67, 97, 110, 116, 111, 44]...","[32, 100, 101, 32, 83, 195, 161, 45, 67, 97, 114, 110, 101, 105, 114, 111, 46, 32, 65, 32, 112, 114, 111, 118, 97, 32, 100, 101, 32, 113, 117, 101, 32, 111, 32, 112, 114, 101, 115, 101, 110, 116, 101, 32, 195, 169, 32, 111, 32, 112, 114, 101, 115, 101, 110, 116, 101, 32, 100, 101, 32, 117, 109, 32, 112, 114, 101, 115, 101, 110, 116, 101, 32, 100, 101, 32, 99, 111, 110, 116, 97, 115, 32, 100, 101, 32, 117, 109, 32, 112, 114, 101, 115, 101, 110, 116, 101, 32, 100, 101, 32, 99, 111, 110, 116, 97, 115, 32, 100, 101, 32, 117, 109, 32, 112, 114, 101, 115, 101, 110]","[""' '"", ""'d'"", ""'e'"", ""' '"", ""'S'"", '0xc3', '0xa1', ""'-'"", ""'C'"", ""'a'"", ""'r'"", ""'n'"", ""'e'"", ""'i'"", ""'r'"", ""'o'"", ""'.'"", ""' '"", ""'A'"", ""' '"", ""'p'"", ""'r'"", ""'o'"", ""'v'"", ""'a'"", ""' '"", ""'d'"", ""'e'"", ""' '"", ""'q'"", ""'u'"", ""'e'"", ""' '"", ""'o'"", ""' '"", ""'p'"", ""'r'"", ""'e'"", ""'s'"", ""'e'"", ""'n'"", ""'t'"", ""'e'"", ""' '"", '0xc3', '0xa9', ""' '"", ""'o'"", ""' '"", ""'p'"", ""'r'"", ""'e'"", ""'s'"", ""'e'"", ""'n'"", ""'t'"", ""'e'"", ""' '"", ""'d'"", ""'e'"", ""' '"", ""'u'"", ""'m'"", ""' '"", ""'p'"", ""'r'"", ""'e'"", ""'s'"", ""'e'"", ""'n'"", ""'t'"", ""'e'"", ""' '"", ""'d'"", ""'e'"", ""' '"", ""'c'"", ""'o'"", ""'n'"", ""'t'"", ""'a'"", ""'s'"", ""' '"", ""'d'"", ""'e'"", ""' '"", ""'u'"", ""'m'"", ""' '"", ""'p'"", ""'r'"", ""'e'"", ""'s'"", ""'e'"", ""'n'"", ""'t'"", ""'e'"", ""' '"", ""'d'"", ""'e'"", ""' '"", ""'c'"", ""'o'"", ""'n'"", ""'t'"", ""'a'"", ""'s'"", ""' '"", ""'d'"", ""'e'"", ""' '"", ""'u'"", ""'m'"", ""' '"", ""'p'"", ""'r'"", ""'e'"", ""'s'"", ""'e'"", ""'n'""]",first_N_raw,2064652053c3a12d4361726e6569726f2e20412070726f766120646520717565,"[32, 100, 101, 32, 83, 195, 161, 45, 67, 97, 114, 110, 101, 105, 114, 111, 46, 32, 65, 32, 112, 114, 111, 118, 97, 32, 100, 101, 32, 113, 117, 101]",hex,2064652053c3a12d4361726e6569726f2e20412070726f766120646520717565,
pessoa+poem,"[256, 67, 97, 110, 116, 111]...","[32, 100, 101, 32, 83, 195, 161, 45, 67, 97, 114, 110, 101, 105, 114, 111, 46, 32, 65, 32, 112, 114, 111, 118, 97, 32, 100, 101, 32, 113, 117, 101, 32, 111, 32, 112, 114, 101, 115, 101, 110, 116, 101, 32, 195, 169, 32, 111, 32, 112, 114, 101, 115, 101, 110, 116, 101, 32, 100, 101, 32, 117, 109, 32, 112, 114, 101, 115, 101, 110, 116, 101, 32, 100, 101, 32, 99, 111, 110, 116, 97, 115, 32, 100, 101, 32, 117, 109, 32, 112, 114, 101, 115, 101, 110, 116, 101, 32, 100, 101, 32, 99, 111, 110, 116, 97, 115, 32, 100, 101, 32, 117, 109, 32, 112, 114, 101, 115, 101, 110]","[""' '"", ""'d'"", ""'e'"", ""' '"", ""'S'"", '0xc3', '0xa1', ""'-'"", ""'C'"", ""'a'"", ""'r'"", ""'n'"", ""'e'"", ""'i'"", ""'r'"", ""'o'"", ""'.'"", ""' '"", ""'A'"", ""' '"", ""'p'"", ""'r'"", ""'o'"", ""'v'"", ""'a'"", ""' '"", ""'d'"", ""'e'"", ""' '"", ""'q'"", ""'u'"", ""'e'"", ""' '"", ""'o'"", ""' '"", ""'p'"", ""'r'"", ""'e'"", ""'s'"", ""'e'"", ""'n'"", ""'t'"", ""'e'"", ""' '"", '0xc3', '0xa9', ""' '"", ""'o'"", ""' '"", ""'p'"", ""'r'"", ""'e'"", ""'s'"", ""'e'"", ""'n'"", ""'t'"", ""'e'"", ""' '"", ""'d'"", ""'e'"", ""' '"", ""'u'"", ""'m'"", ""' '"", ""'p'"", ""'r'"", ""'e'"", ""'s'"", ""'e'"", ""'n'"", ""'t'"", ""'e'"", ""' '"", ""'d'"", ""'e'"", ""' '"", ""'c'"", ""'o'"", ""'n'"", ""'t'"", ""'a'"", ""'s'"", ""' '"", ""'d'"", ""'e'"", ""' '"", ""'u'"", ""'m'"", ""' '"", ""'p'"", ""'r'"", ""'e'"", ""'s'"", ""'e'"", ""'n'"", ""'t'"", ""'e'"", ""' '"", ""'d'"", ""'e'"", ""' '"", ""'c'"", ""'o'"", ""'n'"", ""'t'"", ""'a'"", ""'s'"", ""' '"", ""'d'"", ""'e'"", ""' '"", ""'u'"", ""'m'"", ""' '"", ""'p'"", ""'r'"", ""'e'"", ""'s'"", ""'e'"", ""'n'""]",up_to_first_close,2064652053c3a12d4361726e6569726f2e20412070726f766120646520717565206f2070726573656e746520c3a9206f2070726573656e746520646520756d2070726573656e746520646520636f6e74617320646520756d2070726573656e746520646520636f6e74617320646520756d2070726573656e,"[32, 100, 101, 32, 83, 195, 161, 45, 67, 97, 114, 110, 101, 105, 114, 111, 46, 32, 65, 32, 112, 114, 111, 118, 97, 32, 100, 101, 32, 113, 117, 101, 32, 111, 32, 112, 114, 101, 115, 101, 110, 116, 101, 32, 195, 169, 32, 111, 32, 112, 114, 101, 115, 101, 110, 116, 101, 32, 100, 101, 32, 117, 109, 32, 112, 114, 101, 115, 101, 110, 116, 101, 32, 100, 101, 32, 99, 111, 110, 116, 97, 115, 32, 100, 101, 32, 117, 109, 32, 112, 114, 101, 115, 101, 110, 116, 101, 32, 100, 101, 32, 99, 111, 110, 116, 97, 115, 32, 100, 101, 32, 117, 109, 32, 112, 114, 101, 115, 101, 110]",hex,2064652053c3a12d4361726e6569726f2e20412070726f766120646520717565206f2070726573656e746520c3a9206f2070726573656e746520646520756d2070726573656e746520646520636f6e74617320646520756d2070726573656e746520646520636f6e74617320646520756d2070726573656e,
pessoa+poem,"[256, 67, 97, 110, 116, 111]...","[32, 100, 101, 32, 83, 195, 161, 45, 67, 97, 114, 110, 101, 105, 114, 111, 46, 32, 65, 32, 112, 114, 111, 118, 97, 32, 100, 101, 32, 113, 117, 101, 32, 111, 32, 112, 114, 101, 115, 101, 110, 116, 101, 32, 195, 169, 32, 111, 32, 112, 114, 101, 115, 101, 110, 116, 101, 32, 100, 101, 32, 117, 109, 32, 112, 114, 101, 115, 101, 110, 116, 101, 32, 100, 101, 32, 99, 111, 110, 116, 97, 115, 32, 100, 101, 32, 117, 109, 32, 112, 114, 101, 115, 101, 110, 116, 101, 32, 100, 101, 32, 99, 111, 110, 116, 97, 115, 32, 100, 101, 32, 117, 109, 32, 112, 114, 101, 115, 101, 110]","[""' '"", ""'d'"", ""'e'"", ""' '"", ""'S'"", '0xc3', '0xa1', ""'-'"", ""'C'"", ""'a'"", ""'r'"", ""'n'"", ""'e'"", ""'i'"", ""'r'"", ""'o'"", ""'.'"", ""' '"", ""'A'"", ""' '"", ""'p'"", ""'r'"", ""'o'"", ""'v'"", ""'a'"", ""' '"", ""'d'"", ""'e'"", ""' '"", ""'q'"", ""'u'"", ""'e'"", ""' '"", ""'o'"", ""' '"", ""'p'"", ""'r'"", ""'e'"", ""'s'"", ""'e'"", ""'n'"", ""'t'"", ""'e'"", ""' '"", '0xc3', '0xa9', ""' '"", ""'o'"", ""' '"", ""'p'"", ""'r'"", ""'e'"", ""'s'"", ""'e'"", ""'n'"", ""'t'"", ""'e'"", ""' '"", ""'d'"", ""'e'"", ""' '"", ""'u'"", ""'m'"", ""' '"", ""'p'"", ""'r'"", ""'e'"", ""'s'"", ""'e'"", ""'n'"", ""'t'"", ""'e'"", ""' '"", ""'d'"", ""'e'"", ""' '"", ""'c'"", ""'o'"", ""'n'"", ""'t'"", ""'a'"", ""'s'"", ""' '"", ""'d'"", ""'e'"", ""' '"", ""'u'"", ""'m'"", ""' '"", ""'p'"", ""'r'"", ""'e'"", ""'s'"", ""'e'"", ""'n'"", ""'t'"", ""'e'"", ""' '"", ""'d'"", ""'e'"", ""' '"", ""'c'"", ""'o'"", ""'n'"", ""'t'"", ""'a'"", ""'s'"", ""' '"", ""'d'"", ""'e'"", ""' '"", ""'u'"", ""'m'"", ""' '"", ""'p'"", ""'r'"", ""'e'"", ""'s'"", ""'e'"", ""'n'""]",first_N_raw,2064652053c3a12d4361726e6569726f2e20412070726f766120646520717565,"[32, 100, 101, 32, 83, 195, 161, 45, 67, 97, 114, 110, 101, 105, 114, 111, 46, 32, 65, 32, 112, 114, 111, 118, 97, 32, 100, 101, 32, 113, 117, 101]",hex,2064652053c3a12d4361726e6569726f2e20412070726f766120646520717565,
pessoa+poem+_{,"[256, 67, 97, 110, 116, 111]...","[48, 48, 48, 32, 114, 195, 169, 105, 115, 32, 112, 111, 114, 32, 117, 109, 32, 112, 111, 118, 111, 32, 100, 101, 32, 99, 97, 114, 110, 101, 32, 101, 32, 100, 101, 32, 99, 97, 114, 110, 101, 32, 101, 32, 100, 101, 32, 99, 97, 114, 110, 101, 32, 101, 32, 100, 101, 32, 99, 97, 114, 110, 101, 32, 101, 32, 100, 101, 32, 99, 97, 114, 110, 101, 32, 101, 32, 100, 101, 32, 99, 97, 114, 110, 101, 32, 101, 32, 100, 101, 32, 99, 97, 114, 110, 101, 32, 101, 32, 100, 101, 32, 99, 97, 114, 110, 101, 32, 101, 32, 100, 101, 32, 99, 97, 114, 110, 101, 32, 101]","[""'0'"", ""'0'"", ""'0'"", ""' '"", ""'r'"", '0xc3', '0xa9', ""'i'"", ""'s'"", ""' '"", ""'p'"", ""'o'"", ""'r'"", ""' '"", ""'u'"", ""'m'"", ""' '"", ""'p'"", ""'o'"", ""'v'"", ""'o'"", ""' '"", ""'d'"", ""'e'"", ""' '"", ""'c'"", ""'a'"", ""'r'"", ""'n'"", ""'e'"", ""' '"", ""'e'"", ""' '"", ""'d'"", ""'e'"", ""' '"", ""'c'"", ""'a'"", ""'r'"", ""'n'"", ""'e'"", ""' '"", ""'e'"", ""' '"", ""'d'"", ""'e'"", ""' '"", ""'c'"", ""'a'"", ""'r'"", ""'n'"", ""'e'"", ""' '"", ""'e'"", ""' '"", ""'d'"", ""'e'"", ""' '"", ""'c'"", ""'a'"", ""'r'"", ""'n'"", ""'e'"", ""' '"", ""'e'"", ""' '"", ""'d'"", ""'e'"", ""' '"", ""'c'"", ""'a'"", ""'r'"", ""'n'"", ""'e'"", ""' '"", ""'e'"", ""' '"", ""'d'"", ""'e'"", ""' '"", ""'c'"", ""'a'"", ""'r'"", ""'n'"", ""'e'"", ""' '"", ""'e'"", ""' '"", ""'d'"", ""'e'"", ""' '"", ""'c'"", ""'a'"", ""'r'"", ""'n'"", ""'e'"", ""' '"", ""'e'"", ""' '"", ""'d'"", ""'e'"", ""' '"", ""'c'"", ""'a'"", ""'r'"", ""'n'"", ""'e'"", ""' '"", ""'e'"", ""' '"", ""'d'"", ""'e'"", ""' '"", ""'c'"", ""'a'"", ""'r'"", ""'n'"", ""'e'"", ""' '"", ""'e'""]",up_to_first_close,3030302072c3a9697320706f7220756d20706f766f206465206361726e652065206465206361726e652065206465206361726e652065206465206361726e652065206465206361726e652065206465206361726e652065206465206361726e652065206465206361726e652065206465206361726e652065,"[48, 48, 48, 32, 114, 195, 169, 105, 115, 32, 112, 111, 114, 32, 117, 109, 32, 112, 111, 118, 111, 32, 100, 101, 32, 99, 97, 114, 110, 101, 32, 101, 32, 100, 101, 32, 99, 97, 114, 110, 101, 32, 101, 32, 100, 101, 32, 99, 97, 114, 110, 101, 32, 101, 32, 100, 101, 32, 99, 97, 114, 110, 101, 32, 101, 32, 100, 101, 32, 99, 97, 114, 110, 101, 32, 101, 32, 100, 101, 32, 99, 97, 114, 110, 101, 32, 101, 32, 100, 101, 32, 99, 97, 114, 110, 101, 32, 101, 32, 100, 101, 32, 99, 97, 114, 110, 101, 32, 101, 32, 100, 101, 32, 99, 97, 114, 110, 101, 32, 101]",hex,3030302072c3a9697320706f7220756d20706f766f206465206361726e652065206465206361726e652065206465206361726e652065206465206361726e652065206465206361726e652065206465206361726e652065206465206361726e652065206465206361726e652065206465206361726e652065,
pessoa+poem+_{,"[256, 67, 97, 110, 116, 111]...","[48, 48, 48, 32, 114, 195, 169, 105, 115, 32, 112, 111, 114, 32, 117, 109, 32, 112, 111, 118, 111, 32, 100, 101, 32, 99, 97, 114, 110, 101, 32, 101, 32, 100, 101, 32, 99, 97, 114, 110, 101, 32, 101, 32, 100, 101, 32, 99, 97, 114, 110, 101, 32, 101, 32, 100, 101, 32, 99, 97, 114, 110, 101, 32, 101, 32, 100, 101, 32, 99, 97, 114, 110, 101, 32, 101, 32, 100, 101, 32, 99, 97, 114, 110, 101, 32, 101, 32, 100, 101, 32, 99, 97, 114, 110, 101, 32, 101, 32, 100, 101, 32, 99, 97, 114, 110, 101, 32, 101, 32, 100, 101, 32, 99, 97, 114, 110, 101, 32, 101]","[""'0'"", ""'0'"", ""'0'"", ""' '"", ""'r'"", '0xc3', '0xa9', ""'i'"", ""'s'"", ""' '"", ""'p'"", ""'o'"", ""'r'"", ""' '"", ""'u'"", ""'m'"", ""' '"", ""'p'"", ""'o'"", ""'v'"", ""'o'"", ""' '"", ""'d'"", ""'e'"", ""' '"", ""'c'"", ""'a'"", ""'r'"", ""'n'"", ""'e'"", ""' '"", ""'e'"", ""' '"", ""'d'"", ""'e'"", ""' '"", ""'c'"", ""'a'"", ""'r'"", ""'n'"", ""'e'"", ""' '"", ""'e'"", ""' '"", ""'d'"", ""'e'"", ""' '"", ""'c'"", ""'a'"", ""'r'"", ""'n'"", ""'e'"", ""' '"", ""'e'"", ""' '"", ""'d'"", ""'e'"", ""' '"", ""'c'"", ""'a'"", ""'r'"", ""'n'"", ""'e'"", ""' '"", ""'e'"", ""' '"", ""'d'"", ""'e'"", ""' '"", ""'c'"", ""'a'"", ""'r'"", ""'n'"", ""'e'"", ""' '"", ""'e'"", ""' '"", ""'d'"", ""'e'"", ""' '"", ""'c'"", ""'a'"", ""'r'"", ""'n'"", ""'e'"", ""' '"", ""'e'"", ""' '"", ""'d'"", ""'e'"", ""' '"", ""'c'"", ""'a'"", ""'r'"", ""'n'"", ""'e'"", ""' '"", ""'e'"", ""' '"", ""'d'"", ""'e'"", ""' '"", ""'c'"", ""'a'"", ""'r'"", ""'n'"", ""'e'"", ""' '"", ""'e'"", ""' '"", ""'d'"", ""'e'"", ""' '"", ""'c'"", ""'a'"", ""'r'"", ""'n'"", ""'e'"", ""' '"", ""'e'""]",first_N_raw,3030302072c3a9697320706f7220756d20706f766f206465206361726e652065,"[48, 48, 48, 32, 114, 195, 169, 105, 115, 32, 112, 111, 114, 32, 117, 109, 32, 112, 111, 118, 111, 32, 100, 101, 32, 99, 97, 114, 110, 101, 32, 101]",hex,3030302072c3a9697320706f7220756d20706f766f206465206361726e652065,
caeiro+poem+_{,"[257, 67, 97, 110, 116, 111]...","[48, 48, 48, 32, 114, 195, 169, 105, 115, 32, 112, 111, 114, 32, 117, 109, 32, 112, 111, 118, 111, 32, 100, 101, 32, 99, 97, 114, 110, 101, 32, 101, 32, 100, 101, 32, 99, 97, 114, 110, 101, 32, 101, 32, 100, 101, 32, 99, 97, 114, 110, 101, 32, 101, 32, 100, 101, 32, 99, 97, 114, 110, 101, 32, 101, 32, 100, 101, 32, 99, 97, 114, 110, 101, 32, 101, 32, 100, 101, 32, 99, 97, 114, 110, 101, 32, 101, 32, 100, 101, 32, 99, 97, 114, 110, 101, 32, 101, 32, 100, 101, 32, 99, 97, 114, 110, 101, 32, 101, 32, 100, 101, 32, 99, 97, 114, 110, 101, 32, 101]","[""'0'"", ""'0'"", ""'0'"", ""' '"", ""'r'"", '0xc3', '0xa9', ""'i'"", ""'s'"", ""' '"", ""'p'"", ""'o'"", ""'r'"", ""' '"", ""'u'"", ""'m'"", ""' '"", ""'p'"", ""'o'"", ""'v'"", ""'o'"", ""' '"", ""'d'"", ""'e'"", ""' '"", ""'c'"", ""'a'"", ""'r'"", ""'n'"", ""'e'"", ""' '"", ""'e'"", ""' '"", ""'d'"", ""'e'"", ""' '"", ""'c'"", ""'a'"", ""'r'"", ""'n'"", ""'e'"", ""' '"", ""'e'"", ""' '"", ""'d'"", ""'e'"", ""' '"", ""'c'"", ""'a'"", ""'r'"", ""'n'"", ""'e'"", ""' '"", ""'e'"", ""' '"", ""'d'"", ""'e'"", ""' '"", ""'c'"", ""'a'"", ""'r'"", ""'n'"", ""'e'"", ""' '"", ""'e'"", ""' '"", ""'d'"", ""'e'"", ""' '"", ""'c'"", ""'a'"", ""'r'"", ""'n'"", ""'e'"", ""' '"", ""'e'"", ""' '"", ""'d'"", ""'e'"", ""' '"", ""'c'"", ""'a'"", ""'r'"", ""'n'"", ""'e'"", ""' '"", ""'e'"", ""' '"", ""'d'"", ""'e'"", ""' '"", ""'c'"", ""'a'"", ""'r'"", ""'n'"", ""'e'"", ""' '"", ""'e'"", ""' '"", ""'d'"", ""'e'"", ""' '"", ""'c'"", ""'a'"", ""'r'"", ""'n'"", ""'e'"", ""' '"", ""'e'"", ""' '"", ""'d'"", ""'e'"", ""' '"", ""'c'"", ""'a'"", ""'r'"", ""'n'"", ""'e'"", ""' '"", ""'e'""]",up_to_first_close,3030302072c3a9697320706f7220756d20706f766f206465206361726e652065206465206361726e652065206465206361726e652065206465206361726e652065206465206361726e652065206465206361726e652065206465206361726e652065206465206361726e652065206465206361726e652065,"[48, 48, 48, 32, 114, 195, 169, 105, 115, 32, 112, 111, 114, 32, 117, 109, 32, 112, 111, 118, 111, 32, 100, 101, 32, 99, 97, 114, 110, 101, 32, 101, 32, 100, 101, 32, 99, 97, 114, 110, 101, 32, 101, 32, 100, 101, 32, 99, 97, 114, 110, 101, 32, 101, 32, 100, 101, 32, 99, 97, 114, 110, 101, 32, 101, 32, 100, 101, 32, 99, 97, 114, 110, 101, 32, 101, 32, 100, 101, 32, 99, 97, 114, 110, 101, 32, 101, 32, 100, 101, 32, 99, 97, 114, 110, 101, 32, 101, 32, 100, 101, 32, 99, 97, 114, 110, 101, 32, 101, 32, 100, 101, 32, 99, 97, 114, 110, 101, 32, 101]",hex,3030302072c3a9697320706f7220756d20706f766f206465206361726e652065206465206361726e652065206465206361726e652065206465206361726e652065206465206361726e652065206465206361726e652065206465206361726e652065206465206361726e652065206465206361726e652065,
caeiro+poem+_{,"[257, 67, 97, 110, 116, 111]...","[48, 48, 48, 32, 114, 195, 169, 105, 115, 32, 112, 111, 114, 32, 117, 109, 32, 112, 111, 118, 111, 32, 100, 101, 32, 99, 97, 114, 110, 101, 32, 101, 32, 100, 101, 32, 99, 97, 114, 110, 101, 32, 101, 32, 100, 101, 32, 99, 97, 114, 110, 101, 32, 101, 32, 100, 101, 32, 99, 97, 114, 110, 101, 32, 101, 32, 100, 101, 32, 99, 97, 114, 110, 101, 32, 101, 32, 100, 101, 32, 99, 97, 114, 110, 101, 32, 101, 32, 100, 101, 32, 99, 97, 114, 110, 101, 32, 101, 32, 100, 101, 32, 99, 97, 114, 110, 101, 32, 101, 32, 100, 101, 32, 99, 97, 114, 110, 101, 32, 101]","[""'0'"", ""'0'"", ""'0'"", ""' '"", ""'r'"", '0xc3', '0xa9', ""'i'"", ""'s'"", ""' '"", ""'p'"", ""'o'"", ""'r'"", ""' '"", ""'u'"", ""'m'"", ""' '"", ""'p'"", ""'o'"", ""'v'"", ""'o'"", ""' '"", ""'d'"", ""'e'"", ""' '"", ""'c'"", ""'a'"", ""'r'"", ""'n'"", ""'e'"", ""' '"", ""'e'"", ""' '"", ""'d'"", ""'e'"", ""' '"", ""'c'"", ""'a'"", ""'r'"", ""'n'"", ""'e'"", ""' '"", ""'e'"", ""' '"", ""'d'"", ""'e'"", ""' '"", ""'c'"", ""'a'"", ""'r'"", ""'n'"", ""'e'"", ""' '"", ""'e'"", ""' '"", ""'d'"", ""'e'"", ""' '"", ""'c'"", ""'a'"", ""'r'"", ""'n'"", ""'e'"", ""' '"", ""'e'"", ""' '"", ""'d'"", ""'e'"", ""' '"", ""'c'"", ""'a'"", ""'r'"", ""'n'"", ""'e'"", ""' '"", ""'e'"", ""' '"", ""'d'"", ""'e'"", ""' '"", ""'c'"", ""'a'"", ""'r'"", ""'n'"", ""'e'"", ""' '"", ""'e'"", ""' '"", ""'d'"", ""'e'"", ""' '"", ""'c'"", ""'a'"", ""'r'"", ""'n'"", ""'e'"", ""' '"", ""'e'"", ""' '"", ""'d'"", ""'e'"", ""' '"", ""'c'"", ""'a'"", ""'r'"", ""'n'"", ""'e'"", ""' '"", ""'e'"", ""' '"", ""'d'"", ""'e'"", ""' '"", ""'c'"", ""'a'"", ""'r'"", ""'n'"", ""'e'"", ""' '"", ""'e'""]",first_N_raw,3030302072c3a9697320706f7220756d20706f766f206465206361726e652065,"[48, 48, 48, 32, 114, 195, 169, 105, 115, 32, 112, 111, 114, 32, 117, 109, 32, 112, 111, 118, 111, 32, 100, 101, 32, 99, 97, 114, 110, 101, 32, 101]",hex,3030302072c3a9697320706f7220756d20706f766f206465206361726e652065,
reis+poem+_{,"[258, 67, 97, 110, 116, 111]...","[48, 48, 48, 32, 114, 195, 169, 105, 115, 32, 112, 111, 114, 32, 117, 109, 32, 112, 111, 118, 111, 32, 100, 101, 32, 99, 97, 114, 110, 101, 32, 101, 32, 100, 101, 32, 99, 97, 114, 110, 101, 32, 101, 32, 100, 101, 32, 99, 97, 114, 110, 101, 32, 101, 32, 100, 101, 32, 99, 97, 114, 110, 101, 32, 101, 32, 100, 101, 32, 99, 97, 114, 110, 101, 32, 101, 32, 100, 101, 32, 99, 97, 114, 110, 101, 32, 101, 32, 100, 101, 32, 99, 97, 114, 110, 101, 32, 101, 32, 100, 101, 32, 99, 97, 114, 110, 101, 32, 101, 32, 100, 101, 32, 99, 97, 114, 110, 101, 32, 101]","[""'0'"", ""'0'"", ""'0'"", ""' '"", ""'r'"", '0xc3', '0xa9', ""'i'"", ""'s'"", ""' '"", ""'p'"", ""'o'"", ""'r'"", ""' '"", ""'u'"", ""'m'"", ""' '"", ""'p'"", ""'o'"", ""'v'"", ""'o'"", ""' '"", ""'d'"", ""'e'"", ""' '"", ""'c'"", ""'a'"", ""'r'"", ""'n'"", ""'e'"", ""' '"", ""'e'"", ""' '"", ""'d'"", ""'e'"", ""' '"", ""'c'"", ""'a'"", ""'r'"", ""'n'"", ""'e'"", ""' '"", ""'e'"", ""' '"", ""'d'"", ""'e'"", ""' '"", ""'c'"", ""'a'"", ""'r'"", ""'n'"", ""'e'"", ""' '"", ""'e'"", ""' '"", ""'d'"", ""'e'"", ""' '"", ""'c'"", ""'a'"", ""'r'"", ""'n'"", ""'e'"", ""' '"", ""'e'"", ""' '"", ""'d'"", ""'e'"", ""' '"", ""'c'"", ""'a'"", ""'r'"", ""'n'"", ""'e'"", ""' '"", ""'e'"", ""' '"", ""'d'"", ""'e'"", ""' '"", ""'c'"", ""'a'"", ""'r'"", ""'n'"", ""'e'"", ""' '"", ""'e'"", ""' '"", ""'d'"", ""'e'"", ""' '"", ""'c'"", ""'a'"", ""'r'"", ""'n'"", ""'e'"", ""' '"", ""'e'"", ""' '"", ""'d'"", ""'e'"", ""' '"", ""'c'"", ""'a'"", ""'r'"", ""'n'"", ""'e'"", ""' '"", ""'e'"", ""' '"", ""'d'"", ""'e'"", ""' '"", ""'c'"", ""'a'"", ""'r'"", ""'n'"", ""'e'"", ""' '"", ""'e'""]",up_to_first_close,3030302072c3a9697320706f7220756d20706f766f206465206361726e652065206465206361726e652065206465206361726e652065206465206361726e652065206465206361726e652065206465206361726e652065206465206361726e652065206465206361726e652065206465206361726e652065,"[48, 48, 48, 32, 114, 195, 169, 105, 115, 32, 112, 111, 114, 32, 117, 109, 32, 112, 111, 118, 111, 32, 100, 101, 32, 99, 97, 114, 110, 101, 32, 101, 32, 100, 101, 32, 99, 97, 114, 110, 101, 32, 101, 32, 100, 101, 32, 99, 97, 114, 110, 101, 32, 101, 32, 100, 101, 32, 99, 97, 114, 110, 101, 32, 101, 32, 100, 101, 32, 99, 97, 114, 110, 101, 32, 101, 32, 100, 101, 32, 99, 97, 114, 110, 101, 32, 101, 32, 100, 101, 32, 99, 97, 114, 110, 101, 32, 101, 32, 100, 101, 32, 99, 97, 114, 110, 101, 32, 101, 32, 100, 101, 32, 99, 97, 114, 110, 101, 32, 101]",hex,3030302072c3a9697320706f7220756d20706f766f206465206361726e652065206465206361726e652065206465206361726e652065206465206361726e652065206465206361726e652065206465206361726e652065206465206361726e652065206465206361726e652065206465206361726e652065,
reis+poem+_{,"[258, 67, 97, 110, 116, 111]...","[48, 48, 48, 32, 114, 195, 169, 105, 115, 32, 112, 111, 114, 32, 117, 109, 32, 112, 111, 118, 111, 32, 100, 101, 32, 99, 97, 114, 110, 101, 32, 101, 32, 100, 101, 32, 99, 97, 114, 110, 101, 32, 101, 32, 100, 101, 32, 99, 97, 114, 110, 101, 32, 101, 32, 100, 101, 32, 99, 97, 114, 110, 101, 32, 101, 32, 100, 101, 32, 99, 97, 114, 110, 101, 32, 101, 32, 100, 101, 32, 99, 97, 114, 110, 101, 32, 101, 32, 100, 101, 32, 99, 97, 114, 110, 101, 32, 101, 32, 100, 101, 32, 99, 97, 114, 110, 101, 32, 101, 32, 100, 101, 32, 99, 97, 114, 110, 101, 32, 101]","[""'0'"", ""'0'"", ""'0'"", ""' '"", ""'r'"", '0xc3', '0xa9', ""'i'"", ""'s'"", ""' '"", ""'p'"", ""'o'"", ""'r'"", ""' '"", ""'u'"", ""'m'"", ""' '"", ""'p'"", ""'o'"", ""'v'"", ""'o'"", ""' '"", ""'d'"", ""'e'"", ""' '"", ""'c'"", ""'a'"", ""'r'"", ""'n'"", ""'e'"", ""' '"", ""'e'"", ""' '"", ""'d'"", ""'e'"", ""' '"", ""'c'"", ""'a'"", ""'r'"", ""'n'"", ""'e'"", ""' '"", ""'e'"", ""' '"", ""'d'"", ""'e'"", ""' '"", ""'c'"", ""'a'"", ""'r'"", ""'n'"", ""'e'"", ""' '"", ""'e'"", ""' '"", ""'d'"", ""'e'"", ""' '"", ""'c'"", ""'a'"", ""'r'"", ""'n'"", ""'e'"", ""' '"", ""'e'"", ""' '"", ""'d'"", ""'e'"", ""' '"", ""'c'"", ""'a'"", ""'r'"", ""'n'"", ""'e'"", ""' '"", ""'e'"", ""' '"", ""'d'"", ""'e'"", ""' '"", ""'c'"", ""'a'"", ""'r'"", ""'n'"", ""'e'"", ""' '"", ""'e'"", ""' '"", ""'d'"", ""'e'"", ""' '"", ""'c'"", ""'a'"", ""'r'"", ""'n'"", ""'e'"", ""' '"", ""'e'"", ""' '"", ""'d'"", ""'e'"", ""' '"", ""'c'"", ""'a'"", ""'r'"", ""'n'"", ""'e'"", ""' '"", ""'e'"", ""' '"", ""'d'"", ""'e'"", ""' '"", ""'c'"", ""'a'"", ""'r'"", ""'n'"", ""'e'"", ""' '"", ""'e'""]",first_N_raw,3030302072c3a9697320706f7220756d20706f766f206465206361726e652065,"[48, 48, 48, 32, 114, 195, 169, 105, 115, 32, 112, 111, 114, 32, 117, 109, 32, 112, 111, 118, 111, 32, 100, 101, 32, 99, 97, 114, 110, 101, 32, 101]",hex,3030302072c3a9697320706f7220756d20706f766f206465206361726e652065,
soares+poem+_{,"[259, 67, 97, 110, 116, 111]...","[48, 48, 48, 32, 114, 195, 169, 105, 115, 32, 112, 111, 114, 32, 117, 109, 32, 112, 111, 118, 111, 32, 100, 101, 32, 99, 97, 114, 110, 101, 32, 101, 32, 100, 101, 32, 99, 97, 114, 110, 101, 32, 101, 32, 100, 101, 32, 99, 97, 114, 110, 101, 32, 101, 32, 100, 101, 32, 99, 97, 114, 110, 101, 32, 101, 32, 100, 101, 32, 99, 97, 114, 110, 101, 32, 101, 32, 100, 101, 32, 99, 97, 114, 110, 101, 32, 101, 32, 100, 101, 32, 99, 97, 114, 110, 101, 32, 101, 32, 100, 101, 32, 99, 97, 114, 110, 101, 32, 101, 32, 100, 101, 32, 99, 97, 114, 110, 101, 32, 101]","[""'0'"", ""'0'"", ""'0'"", ""' '"", ""'r'"", '0xc3', '0xa9', ""'i'"", ""'s'"", ""' '"", ""'p'"", ""'o'"", ""'r'"", ""' '"", ""'u'"", ""'m'"", ""' '"", ""'p'"", ""'o'"", ""'v'"", ""'o'"", ""' '"", ""'d'"", ""'e'"", ""' '"", ""'c'"", ""'a'"", ""'r'"", ""'n'"", ""'e'"", ""' '"", ""'e'"", ""' '"", ""'d'"", ""'e'"", ""' '"", ""'c'"", ""'a'"", ""'r'"", ""'n'"", ""'e'"", ""' '"", ""'e'"", ""' '"", ""'d'"", ""'e'"", ""' '"", ""'c'"", ""'a'"", ""'r'"", ""'n'"", ""'e'"", ""' '"", ""'e'"", ""' '"", ""'d'"", ""'e'"", ""' '"", ""'c'"", ""'a'"", ""'r'"", ""'n'"", ""'e'"", ""' '"", ""'e'"", ""' '"", ""'d'"", ""'e'"", ""' '"", ""'c'"", ""'a'"", ""'r'"", ""'n'"", ""'e'"", ""' '"", ""'e'"", ""' '"", ""'d'"", ""'e'"", ""' '"", ""'c'"", ""'a'"", ""'r'"", ""'n'"", ""'e'"", ""' '"", ""'e'"", ""' '"", ""'d'"", ""'e'"", ""' '"", ""'c'"", ""'a'"", ""'r'"", ""'n'"", ""'e'"", ""' '"", ""'e'"", ""' '"", ""'d'"", ""'e'"", ""' '"", ""'c'"", ""'a'"", ""'r'"", ""'n'"", ""'e'"", ""' '"", ""'e'"", ""' '"", ""'d'"", ""'e'"", ""' '"", ""'c'"", ""'a'"", ""'r'"", ""'n'"", ""'e'"", ""' '"", ""'e'""]",up_to_first_close,3030302072c3a9697320706f7220756d20706f766f206465206361726e652065206465206361726e652065206465206361726e652065206465206361726e652065206465206361726e652065206465206361726e652065206465206361726e652065206465206361726e652065206465206361726e652065,"[48, 48, 48, 32, 114, 195, 169, 105, 115, 32, 112, 111, 114, 32, 117, 109, 32, 112, 111, 118, 111, 32, 100, 101, 32, 99, 97, 114, 110, 101, 32, 101, 32, 100, 101, 32, 99, 97, 114, 110, 101, 32, 101, 32, 100, 101, 32, 99, 97, 114, 110, 101, 32, 101, 32, 100, 101, 32, 99, 97, 114, 110, 101, 32, 101, 32, 100, 101, 32, 99, 97, 114, 110, 101, 32, 101, 32, 100, 101, 32, 99, 97, 114, 110, 101, 32, 101, 32, 100, 101, 32, 99, 97, 114, 110, 101, 32, 101, 32, 100, 101, 32, 99, 97, 114, 110, 101, 32, 101, 32, 100, 101, 32, 99, 97, 114, 110, 101, 32, 101]",hex,3030302072c3a9697320706f7220756d20706f766f206465206361726e652065206465206361726e652065206465206361726e652065206465206361726e652065206465206361726e652065206465206361726e652065206465206361726e652065206465206361726e652065206465206361726e652065,
soares+poem+_{,"[259, 67, 97, 110, 116, 111]...","[48, 48, 48, 32, 114, 195, 169, 105, 115, 32, 112, 111, 114, 32, 117, 109, 32, 112, 111, 118, 111, 32, 100, 101, 32, 99, 97, 114, 110, 101, 32, 101, 32, 100, 101, 32, 99, 97, 114, 110, 101, 32, 101, 32, 100, 101, 32, 99, 97, 114, 110, 101, 32, 101, 32, 100, 101, 32, 99, 97, 114, 110, 101, 32, 101, 32, 100, 101, 32, 99, 97, 114, 110, 101, 32, 101, 32, 100, 101, 32, 99, 97, 114, 110, 101, 32, 101, 32, 100, 101, 32, 99, 97, 114, 110, 101, 32, 101, 32, 100, 101, 32, 99, 97, 114, 110, 101, 32, 101, 32, 100, 101, 32, 99, 97, 114, 110, 101, 32, 101]","[""'0'"", ""'0'"", ""'0'"", ""' '"", ""'r'"", '0xc3', '0xa9', ""'i'"", ""'s'"", ""' '"", ""'p'"", ""'o'"", ""'r'"", ""' '"", ""'u'"", ""'m'"", ""' '"", ""'p'"", ""'o'"", ""'v'"", ""'o'"", ""' '"", ""'d'"", ""'e'"", ""' '"", ""'c'"", ""'a'"", ""'r'"", ""'n'"", ""'e'"", ""' '"", ""'e'"", ""' '"", ""'d'"", ""'e'"", ""' '"", ""'c'"", ""'a'"", ""'r'"", ""'n'"", ""'e'"", ""' '"", ""'e'"", ""' '"", ""'d'"", ""'e'"", ""' '"", ""'c'"", ""'a'"", ""'r'"", ""'n'"", ""'e'"", ""' '"", ""'e'"", ""' '"", ""'d'"", ""'e'"", ""' '"", ""'c'"", ""'a'"", ""'r'"", ""'n'"", ""'e'"", ""' '"", ""'e'"", ""' '"", ""'d'"", ""'e'"", ""' '"", ""'c'"", ""'a'"", ""'r'"", ""'n'"", ""'e'"", ""' '"", ""'e'"", ""' '"", ""'d'"", ""'e'"", ""' '"", ""'c'"", ""'a'"", ""'r'"", ""'n'"", ""'e'"", ""' '"", ""'e'"", ""' '"", ""'d'"", ""'e'"", ""' '"", ""'c'"", ""'a'"", ""'r'"", ""'n'"", ""'e'"", ""' '"", ""'e'"", ""' '"", ""'d'"", ""'e'"", ""' '"", ""'c'"", ""'a'"", ""'r'"", ""'n'"", ""'e'"", ""' '"", ""'e'"", ""' '"", ""'d'"", ""'e'"", ""' '"", ""'c'"", ""'a'"", ""'r'"", ""'n'"", ""'e'"", ""' '"", ""'e'""]",first_N_raw,3030302072c3a9697320706f7220756d20706f766f206465206361726e652065,"[48, 48, 48, 32, 114, 195, 169, 105, 115, 32, 112, 111, 114, 32, 117, 109, 32, 112, 111, 118, 111, 32, 100, 101, 32, 99, 97, 114, 110, 101, 32, 101]",hex,3030302072c3a9697320706f7220756d20706f766f206465206361726e652065,
